Akim 011-3472468 akim 0001 Akim730@gmail.com A
Azhar 019-1368795 azhar 0002 azharr13@gmail.com A
Maisarah 015-4543734 mai 0003 mai@gmail.com  A
Yutong 012-3456789 chai 0004 yutongchai2@gmail.com D 
John 013-5735935 john 0707 john@gmail.com B
Saifuddin 011-90878722 saiful 1234 saiful@gmail.com A
hisyam 0119872345 hisyam100 syampu syampu100@gmail.com A
